,Unnamed: 0,title,description,url,date,text,label
0,0,What exactly is a spot bitcoin ETF?,"As many investors patiently await approval for a spot bitcoin ETF (BTC-USD) , some may still be wondering what exactly they're waiting for. Yahoo Finance Anchor Brad Smith has them covered as he explains exactly the spot bitcoin ETF is and how investors can capitalize on the opportunity. For more expert insight and the latest market action, click here to watch this full episode of Yahoo Finance Live. Editor's note: This article was written by Nicholas Jacobino",https://finance.yahoo.com/video/exactly-spot-bitcoin-etf-172955551.html?.tsrc=rss,2024-01-10,"What exactly is a spot bitcoin ETF?As many investors patiently await approval for a spot bitcoin ETF (BTC-USD) , some may still be wondering what exactly they're waiting for. Yahoo Finance Anchor Brad Smith has them covered as he explains exactly the spot bitcoin ETF is and how investors can capitalize on the opportunity. For more expert insight and the latest market action, click here to watch this full episode of Yahoo Finance Live. Editor's note: This article was written by Nicholas Jacobino",0
1,1,Bitcoin mining CEO calls ETF 'great entry point' for crypto,"After a false report on Tuesday, crypto bulls and investment firms await the Securities and Exchange Commission's (SEC) ultimate decision on Wednesday over whether to approve issuances of a spot bitcoin ETF. Crypto companies, such as low-emission bitcoin miner CleanSpark (CLSK), are excited about the accessibility aspects a bitcoin ETF could offer for retail investors and institutional firms. CleanSpark CEO Zach Bradford joins Yahoo Finance Live to discuss the entryway into crypto a bitcoin ETF would provide, and crypto events that offer more opportunities for bitcoin miners. ""There's a lot of institutional capital that's been sidelined due to the risks around it,"" Bradford says. ""And the ETFs have now put up a system where they're going to hold it, they're going to manage some of those immediate risks around holding and custody of the bitcoin themselves."" For more expert insight and the latest market action, click here to watch this full episode of Yahoo Finance Live. Editor's note: This article was written by Luke Carberry Mogan.",https://finance.yahoo.com/video/bitcoin-mining-ceo-calls-etf-170627495.html?.tsrc=rss,2024-01-10,"Bitcoin mining CEO calls ETF 'great entry point' for cryptoAfter a false report on Tuesday, crypto bulls and investment firms await the Securities and Exchange Commission's (SEC) ultimate decision on Wednesday over whether to approve issuances of a spot bitcoin ETF. Crypto companies, such as low-emission bitcoin miner CleanSpark (CLSK), are excited about the accessibility aspects a bitcoin ETF could offer for retail investors and institutional firms. CleanSpark CEO Zach Bradford joins Yahoo Finance Live to discuss the entryway into crypto a bitcoin ETF would provide, and crypto events that offer more opportunities for bitcoin miners. ""There's a lot of institutional capital that's been sidelined due to the risks around it,"" Bradford says. ""And the ETFs have now put up a system where they're going to hold it, they're going to manage some of those immediate risks around holding and custody of the bitcoin themselves."" For more expert insight and the latest market action, click here to watch this full episode of Yahoo Finance Live. Editor's note: This article was written by Luke Carberry Mogan.",0
2,2,X Says SEC Didn’t Have 2-Factor Authentication Enabled at Time of Breach,The SEC said it would work with law enforcement and government partners to investigate the matter and determine appropriate next steps.,https://finance.yahoo.com/m/260c8ebc-4633-3353-8abe-124b080ce8fb/x-says-sec-didn%E2%80%99t-have.html?.tsrc=rss,2024-01-10,X Says SEC Didn’t Have 2-Factor Authentication Enabled at Time of BreachThe SEC said it would work with law enforcement and government partners to investigate the matter and determine appropriate next steps.,0
3,3,It’s Deadline Day for an SEC Decision on Spot Bitcoin ETFs. Here’s What to Watch.,"The Securities and Exchange Commission faces a final deadline Wednesday to rule on at least one of 11 applications for exchange-traded funds that hold bitcoin.  The decision is long awaited by cryptocurrency watchers—and the prospect that some or all of the applications will be approved has lately been seen as bullish for bitcoin.  There was some [drama late Tuesday](https://www.wsj.com/finance/currencies/sec-chair-denies-bitcoin-etf-has-been-approved-9a326e87): A message on social media said the SEC had approved the funds, before the agency quickly disavowed the post and said its account had been ""compromised.""",https://finance.yahoo.com/m/4b14ab9a-9a94-3945-852e-20058130f39c/it%E2%80%99s-deadline-day-for-an-sec.html?.tsrc=rss,2024-01-10,"It’s Deadline Day for an SEC Decision on Spot Bitcoin ETFs. Here’s What to Watch.The Securities and Exchange Commission faces a final deadline Wednesday to rule on at least one of 11 applications for exchange-traded funds that hold bitcoin.  The decision is long awaited by cryptocurrency watchers—and the prospect that some or all of the applications will be approved has lately been seen as bullish for bitcoin.  There was some [drama late Tuesday](https://www.wsj.com/finance/currencies/sec-chair-denies-bitcoin-etf-has-been-approved-9a326e87): A message on social media said the SEC had approved the funds, before the agency quickly disavowed the post and said its account had been ""compromised.""",1
4,4,SEC hack won't halt bitcoin ETF approvals: money managers,Some money managers expect to get the green light as early as Wednesday to launch spot bitcoin ETFs despite the chaos triggered Tuesday by a fake SEC social-media post,https://finance.yahoo.com/news/sec-hack-wont-halt-bitcoin-etf-approvals-money-managers-165408395.html?.tsrc=rss,2024-01-10,SEC hack won't halt bitcoin ETF approvals: money managersSome money managers expect to get the green light as early as Wednesday to launch spot bitcoin ETFs despite the chaos triggered Tuesday by a fake SEC social-media post,1
5,5,Bitcoin Edges Lower Ahead of SEC Decision,"Bitcoin traded around $45,000 on Wednesday ahead of an expected decision from the Securities and Exchange Commission to approve or reject the listing of exchange-traded funds holding the cryptocurrency.  + On Tuesday, bitcoin spiked to near $48,000 after the SEC's official X account incorrectly posted that it had approved bitcoin ETFs, a message the agency [quickly disavowed](https://www.wsj.com/finance/currencies/sec-chair-denies-bitcoin-etf-has-been-approved-9a326e87?mod=hp_lead_pos4) and said was unauthorized.  + Bitcoin, the leading cryptocurrency, was down nearly 4% over the last 24 hours, according to CoinDesk.",https://finance.yahoo.com/m/5a9ee1c0-d1b4-3508-843a-abcf5204c51e/bitcoin-edges-lower-ahead-of.html?.tsrc=rss,2024-01-10,"Bitcoin Edges Lower Ahead of SEC DecisionBitcoin traded around $45,000 on Wednesday ahead of an expected decision from the Securities and Exchange Commission to approve or reject the listing of exchange-traded funds holding the cryptocurrency.  + On Tuesday, bitcoin spiked to near $48,000 after the SEC's official X account incorrectly posted that it had approved bitcoin ETFs, a message the agency [quickly disavowed](https://www.wsj.com/finance/currencies/sec-chair-denies-bitcoin-etf-has-been-approved-9a326e87?mod=hp_lead_pos4) and said was unauthorized.  + Bitcoin, the leading cryptocurrency, was down nearly 4% over the last 24 hours, according to CoinDesk.",1
6,6,"Bitcoin could soar to $500,000 in the next 5 years as demand booms from ETFs, Fundstrat's Tom Lee says","""There's a finite supply and now we have a potentially huge increase in demand with a spot bitcoin [ETF] approval,"" Fundstrat's Tom Lee said.",https://markets.businessinsider.com/news/currencies/bitcoin-price-outlook-crypto-500000-price-target-etf-demand-boom-2024-1?.tsrc=rss,2024-01-10,"Bitcoin could soar to $500,000 in the next 5 years as demand booms from ETFs, Fundstrat's Tom Lee says""There's a finite supply and now we have a potentially huge increase in demand with a spot bitcoin [ETF] approval,"" Fundstrat's Tom Lee said.",0
7,7,Spot bitcoin ETF: Why people may not be rushing in to buy,"Scores of Wall Street investors are patiently waiting to hear from the Securities and Exchange Commission on a spot bitcoin ETF approval (BTC-USD) , especially after the SEC's X.com account was compromised Tuesday afternoon, releasing a false statement about the pending decision. With so much attention on this topic, have the floodgates been open for bitcoin? Will investment in the cryptocurrency boom or will the buzz pass on by? Steve McClurg, Valkyrie Funds Chief Investment Officer, joins Yahoo Finance to give insight into the compromised SEC account, the decision from the SEC, and what it could mean for bitcoin going forward. McClurg explains how this could be a dam-breaking moment: ""We launched a bitcoin futures ETF two years ago and we saw kind of a dam break at that point in time, where about a billion and a half dollars went into bitcoin ETFs, or bitcoin futures ETFs, for a period of about three days...I don't think it's going to be a dam-breaking moment like it was then, I think this is going to be a lot slower, will will probably see about $10 to $25 billion over the course of a year or two."" For more expert insight and the latest market action, click here to watch this full episode of Yahoo Finance Live. Editor's note: This article was written by Nicholas Jacobino",https://finance.yahoo.com/video/spot-bitcoin-etf-why-people-150846406.html?.tsrc=rss,2024-01-10,"Spot bitcoin ETF: Why people may not be rushing in to buyScores of Wall Street investors are patiently waiting to hear from the Securities and Exchange Commission on a spot bitcoin ETF approval (BTC-USD) , especially after the SEC's X.com account was compromised Tuesday afternoon, releasing a false statement about the pending decision. With so much attention on this topic, have the floodgates been open for bitcoin? Will investment in the cryptocurrency boom or will the buzz pass on by? Steve McClurg, Valkyrie Funds Chief Investment Officer, joins Yahoo Finance to give insight into the compromised SEC account, the decision from the SEC, and what it could mean for bitcoin going forward. McClurg explains how this could be a dam-breaking moment: ""We launched a bitcoin futures ETF two years ago and we saw kind of a dam break at that point in time, where about a billion and a half dollars went into bitcoin ETFs, or bitcoin futures ETFs, for a period of about three days...I don't think it's going to be a dam-breaking moment like it was then, I think this is going to be a lot slower, will will probably see about $10 to $25 billion over the course of a year or two."" For more expert insight and the latest market action, click here to watch this full episode of Yahoo Finance Live. Editor's note: This article was written by Nicholas Jacobino",1
8,8,"Bitcoin ETF Chaos Memorialized on Blockchain, With Nod to 'Chancellor on the Brink' Reference","Jokester pays $2.97 to record the one-liner ""SEC Chairman on the brink of second ETF approval"" on the blockchain.",https://finance.yahoo.com/news/bitcoin-etf-chaos-memorialized-blockchain-144802593.html?.tsrc=rss,2024-01-10,"Bitcoin ETF Chaos Memorialized on Blockchain, With Nod to 'Chancellor on the Brink' ReferenceJokester pays $2.97 to record the one-liner ""SEC Chairman on the brink of second ETF approval"" on the blockchain.",1
9,9,Crypto investors await today's SEC decision on bitcoin ETFs,"On Tuesday, the Securities and Exchange Commission's (SEC) X account was reportedly compromised as it issued a false report of approving a spot bitcoin ETF. Wednesday, January 10 (today) is the deadline date for the SEC's decision on bitcoin ETFs. Bitcoin (BTC-USD) hovers just above $45,000 Wednesday morning. Yahoo Finance's Julie Hyman joins the Live show to comment on the situation and weigh the benefits and risks tied to pending bitcoin ETFs, including crypto volatility and ETF fees. For more expert insight and the latest market action, click here to watch this full episode of Yahoo Finance Live. Editor's note: This article was written by Luke Carberry Mogan.",https://finance.yahoo.com/video/crypto-investors-await-todays-sec-143437728.html?.tsrc=rss,2024-01-10,"Crypto investors await today's SEC decision on bitcoin ETFsOn Tuesday, the Securities and Exchange Commission's (SEC) X account was reportedly compromised as it issued a false report of approving a spot bitcoin ETF. Wednesday, January 10 (today) is the deadline date for the SEC's decision on bitcoin ETFs. Bitcoin (BTC-USD) hovers just above $45,000 Wednesday morning. Yahoo Finance's Julie Hyman joins the Live show to comment on the situation and weigh the benefits and risks tied to pending bitcoin ETFs, including crypto volatility and ETF fees. For more expert insight and the latest market action, click here to watch this full episode of Yahoo Finance Live. Editor's note: This article was written by Luke Carberry Mogan.",1
10,10,JPMorgan's Jamie Dimon slams bitcoin as worthless and a tool for criminals - and warns a recession could hit this year,"Bitcoin helps terrorists and sex traffickers, while dwindling consumer savings and foreign conflicts could hit the US economy, Jamie Dimon said.",https://markets.businessinsider.com/news/currencies/jamie-dimon-jpmorgan-bitcoin-crypto-recession-inflation-fed-rate-cuts-2024-1?.tsrc=rss,2024-01-10,"JPMorgan's Jamie Dimon slams bitcoin as worthless and a tool for criminals - and warns a recession could hit this yearBitcoin helps terrorists and sex traffickers, while dwindling consumer savings and foreign conflicts could hit the US economy, Jamie Dimon said.",1
11,11,UPDATE 2-Egypt's dollar bonds rally after Yellen signals support,"Egypt's sovereign dollar bonds rallied more than 1.6 cents on Wednesday after U.S. Treasury Secretary Janet Yellen pledged support for the economy of the North African country that is under pressure to deliver bigger reforms.  All of Egypt's dollar bonds rallied, with the March 2024 maturity bid at 98 cents on the dollar, Tradeweb data showed.  Gergely Urmossy, emerging markets strategist at Societe Generale, said relatively cheap Eurobond valuations could be attracting investors, particularly after Yellen's comments and as Egyptian authorities advance talks with the International Monetary Fund to expand a $3 billion loan programme.",https://finance.yahoo.com/news/1-egypts-dollar-bonds-rally-113640989.html?.tsrc=rss,2024-01-10,"UPDATE 2-Egypt's dollar bonds rally after Yellen signals supportEgypt's sovereign dollar bonds rallied more than 1.6 cents on Wednesday after U.S. Treasury Secretary Janet Yellen pledged support for the economy of the North African country that is under pressure to deliver bigger reforms.  All of Egypt's dollar bonds rallied, with the March 2024 maturity bid at 98 cents on the dollar, Tradeweb data showed.  Gergely Urmossy, emerging markets strategist at Societe Generale, said relatively cheap Eurobond valuations could be attracting investors, particularly after Yellen's comments and as Egyptian authorities advance talks with the International Monetary Fund to expand a $3 billion loan programme.",0
12,12,How to think about bitcoin ETFs and your portfolio,"After a wild chapter in the bitcoin ETF approval process, investors are still left with the question, assuming an approval will eventually come: Should you buy?",https://finance.yahoo.com/news/how-to-think-about-bitcoin-etfs-and-your-portfolio-110007877.html?.tsrc=rss,2024-01-10,"How to think about bitcoin ETFs and your portfolioAfter a wild chapter in the bitcoin ETF approval process, investors are still left with the question, assuming an approval will eventually come: Should you buy?",0
13,13,Trending tickers: Bitcoin | Greggs | Sainsbury’s | Tesla,The latest investor updates on stocks that are trending on Wednesday.,https://uk.finance.yahoo.com/news/trending-tickers-bitcoin-greggs-sainsburys-tesla-105248093.html?.tsrc=rss,2024-01-10,Trending tickers: Bitcoin | Greggs | Sainsbury’s | TeslaThe latest investor updates on stocks that are trending on Wednesday.,0
14,14,LIVE: FTSE down and Wall Street up as UK inflation to fall below 2% by spring,"According to Deutsche Bank, UK CPI inflation will average 2.5% year-on-year in 2024, down from a previous forecast of 2.7%.",https://uk.finance.yahoo.com/news/ftse-european-stock-markets-sec-bitcoin-etf-wall-street-092658587.html?.tsrc=rss,2024-01-10,"LIVE: FTSE down and Wall Street up as UK inflation to fall below 2% by springAccording to Deutsche Bank, UK CPI inflation will average 2.5% year-on-year in 2024, down from a previous forecast of 2.7%.",1
15,15,BTC Supply in Profit Nears 90% as Price Rallies on Expected Bitcoin ETF Approval,Just under half of the bitcoin supply was in profit at the start of last year.,https://finance.yahoo.com/news/btc-supply-profit-nears-90-092235798.html?.tsrc=rss,2024-01-10,BTC Supply in Profit Nears 90% as Price Rallies on Expected Bitcoin ETF ApprovalJust under half of the bitcoin supply was in profit at the start of last year.,1
16,16,Rupee extends rising streak into sixth day on dollar inflows,"The Indian rupee recouped early losses to end higher for a sixth consecutive session on likely foreign inflows.  ""Dollar inflows have kept the rupee the top performer among Asian currencies,"" Dilip Parmar, a foreign exchange research analyst at HDFC Securities, said.  ""We will have to see if the move is sustainable given considering how the RBI (Reserve Bank of India) has absorbed such inflows in the past.""",https://sg.finance.yahoo.com/news/rupee-drops-weak-asian-cues-071502473.html?.tsrc=rss,2024-01-10,"Rupee extends rising streak into sixth day on dollar inflowsThe Indian rupee recouped early losses to end higher for a sixth consecutive session on likely foreign inflows.  ""Dollar inflows have kept the rupee the top performer among Asian currencies,"" Dilip Parmar, a foreign exchange research analyst at HDFC Securities, said.  ""We will have to see if the move is sustainable given considering how the RBI (Reserve Bank of India) has absorbed such inflows in the past.""",0
17,17,Why tax cuts in 2024 might not leave you paying less,"National insurance has been slashed. Now we’re hearing rumours of a raft of potential cuts. Unfortunately, this is nowhere near as good as it sounds.",https://uk.finance.yahoo.com/news/tax-cuts-2024-060006060.html?.tsrc=rss,2024-01-10,"Why tax cuts in 2024 might not leave you paying lessNational insurance has been slashed. Now we’re hearing rumours of a raft of potential cuts. Unfortunately, this is nowhere near as good as it sounds.",0
18,18,Dollar trades in tight range ahead of key U.S. inflation release,"The U.S. dollar edged lower Wednesday, trading in a tight range with traders on edge before key U.S. inflation data that could influence the future path of interest rates.  The dollar has rebounded from December’s 2% fall as the traders have chosen the new year to reassess the likely speed and magnitude of the interest rate cuts most expect the Federal Reserve to deliver in 2024.  The Fed's surprising dovish tilt in December has resulted in the market projecting around 150 basis points of cuts this year, but this is reliant on inflation continuing to retreat.",https://finance.yahoo.com/news/dollar-trades-tight-range-ahead-043237111.html?.tsrc=rss,2024-01-10,"Dollar trades in tight range ahead of key U.S. inflation releaseThe U.S. dollar edged lower Wednesday, trading in a tight range with traders on edge before key U.S. inflation data that could influence the future path of interest rates.  The dollar has rebounded from December’s 2% fall as the traders have chosen the new year to reassess the likely speed and magnitude of the interest rate cuts most expect the Federal Reserve to deliver in 2024.  The Fed's surprising dovish tilt in December has resulted in the market projecting around 150 basis points of cuts this year, but this is reliant on inflation continuing to retreat.",0
19,19,"Hacker Seized SEC Phone Number to Post Fake Bitcoin ETF Approval, X Says","The Securities and Exchange Commission (SEC) did not employ basic security measures on its X (formerly Twitter) account when it was ""compromised"" to spread false bitcoin ETF news, according to the social media company.",https://finance.yahoo.com/news/hacker-seized-sec-phone-number-043224468.html?.tsrc=rss,2024-01-10,"Hacker Seized SEC Phone Number to Post Fake Bitcoin ETF Approval, X SaysThe Securities and Exchange Commission (SEC) did not employ basic security measures on its X (formerly Twitter) account when it was ""compromised"" to spread false bitcoin ETF news, according to the social media company.",1
20,20,Did the Fake Bitcoin ETF Announcement Prove an SEC Approval Is a 'Sell-the-News' Event?,"The SEC's social media account was hacked to say the much-anticipated financial product was approved, perhaps answering the question of what will happen when it actually happens.",https://www.coindesk.com/consensus-magazine/2024/01/10/did-the-fake-bitcoin-etf-announcement-prove-an-sec-approval-is-a-sell-the-news-event/?utm_medium=referral&utm_source=rss&utm_campaign=headlines,2024-01-10,"Did the Fake Bitcoin ETF Announcement Prove an SEC Approval Is a 'Sell-the-News' Event?The SEC's social media account was hacked to say the much-anticipated financial product was approved, perhaps answering the question of what will happen when it actually happens.",0
21,21,Hedera-Based Tune.FM Raises $20M for Artist-Friendly Web3 Music Platform,Tune.FM provides musicians with a platform to receive micropayments for streaming in its native JAM token (JAM).,https://www.coindesk.com/web3/2024/01/10/hedera-based-tunefm-raises-20m-for-artist-friendly-web3-music-platform/?utm_medium=referral&utm_source=rss&utm_campaign=headlines,2024-01-10,Hedera-Based Tune.FM Raises $20M for Artist-Friendly Web3 Music PlatformTune.FM provides musicians with a platform to receive micropayments for streaming in its native JAM token (JAM).,2
22,22,We Tried Fox's Blockchain-Based Tool for Deepfake Detection. Here's How It Went,"Fox's new blockchain tool might not help consumers suss out deep fakes, but it could be a boon to publishers struggling to navigate the AI age. We kicked the tires on the new technology.",https://www.coindesk.com/tech/2024/01/10/we-tried-foxs-blockchain-based-tool-for-deepfake-detection-heres-how-it-went/?utm_medium=referral&utm_source=rss&utm_campaign=headlines,2024-01-10,"We Tried Fox's Blockchain-Based Tool for Deepfake Detection. Here's How It WentFox's new blockchain tool might not help consumers suss out deep fakes, but it could be a boon to publishers struggling to navigate the AI age. We kicked the tires on the new technology.",0
23,23,Beyond the ETF: Crypto Innovations to Watch in 2024,"While most market watchers are focused on bitcoin ETFs at the moment, Decentralized Physical Infrastructure Networks (DePIN) and Real World Assets (RWA) hold a lot of long-term promise, says Colton Dillion, CEO of Hedgehog.",https://www.coindesk.com/markets/2024/01/10/beyond-the-etf-crypto-innovations-to-watch-in-2024/?utm_medium=referral&utm_source=rss&utm_campaign=headlines,2024-01-10,"Beyond the ETF: Crypto Innovations to Watch in 2024While most market watchers are focused on bitcoin ETFs at the moment, Decentralized Physical Infrastructure Networks (DePIN) and Real World Assets (RWA) hold a lot of long-term promise, says Colton Dillion, CEO of Hedgehog.",0
24,24,Making Sense of Web3’s Burgeoning AI Ecosystem,"Although the intersection of Web3 and AI has great potential, there is a lot of confusion about this emerging technology in the market today. Mapping out the GPU supply chain, layers of the tech stack, and various competitive landscapes can help investors better understand the ecosystem and make more informed investment decisions, says David Attermann, at M31 Capital.",https://www.coindesk.com/tech/2024/01/10/making-sense-of-web3s-burgeoning-ai-ecosystem/?utm_medium=referral&utm_source=rss&utm_campaign=headlines,2024-01-10,"Making Sense of Web3’s Burgeoning AI EcosystemAlthough the intersection of Web3 and AI has great potential, there is a lot of confusion about this emerging technology in the market today. Mapping out the GPU supply chain, layers of the tech stack, and various competitive landscapes can help investors better understand the ecosystem and make more informed investment decisions, says David Attermann, at M31 Capital.",0
25,25,Arthur Hayes Joins Decentralized AI platform Ritual,BitMEX co-founder Arthur Hayes has joined decentralized AI platform Ritual as an adviser with the aim of committing to the financialization of the AI industry.,https://www.coindesk.com/business/2024/01/10/arthur-hayes-joins-decentralized-ai-platform-ritual/?utm_medium=referral&utm_source=rss&utm_campaign=headlines,2024-01-10,Arthur Hayes Joins Decentralized AI platform RitualBitMEX co-founder Arthur Hayes has joined decentralized AI platform Ritual as an adviser with the aim of committing to the financialization of the AI industry.,2
26,26,"Bitcoin ETF Chaos Memorialized on Blockchain, With Nod to 'Chancellor on the Brink' Reference","Jokester pays $2.97 to record the one-liner ""SEC Chairman on the brink of second ETF approval"" on the blockchain.",https://www.coindesk.com/tech/2024/01/10/bitcoin-etf-chaos-memorialized-on-blockchain-with-nod-to-chancellors-on-the-brink-reference/?utm_medium=referral&utm_source=rss&utm_campaign=headlines,2024-01-10,"Bitcoin ETF Chaos Memorialized on Blockchain, With Nod to 'Chancellor on the Brink' ReferenceJokester pays $2.97 to record the one-liner ""SEC Chairman on the brink of second ETF approval"" on the blockchain.",1
27,27,"First Mover Americas: Ether, Lido DAO, Arbitrum Gain on Possibility of ETH ETF ","The latest price moves in bitcoin [BTC] and crypto markets in context for Jan. 10, 2024. First Mover is CoinDesk’s daily newsletter that contextualizes the latest actions in the crypto markets.",https://www.coindesk.com/markets/2024/01/10/first-mover-americas-ether-lido-dao-arbitrum-gain-on-possibility-of-eth-etf/?utm_medium=referral&utm_source=rss&utm_campaign=headlines,2024-01-10,"First Mover Americas: Ether, Lido DAO, Arbitrum Gain on Possibility of ETH ETF The latest price moves in bitcoin [BTC] and crypto markets in context for Jan. 10, 2024. First Mover is CoinDesk’s daily newsletter that contextualizes the latest actions in the crypto markets.",0
28,28,"BlackRock, ARK 21Shares Follow Rivals in Cutting Bitcoin ETF Fees","The SEC is expected to approve multiple ETFs at the same time, meaning the different providers will tussle for market share using fee structure as one of the main weapons.",https://www.coindesk.com/markets/2024/01/10/blackrock-ark-21shares-cut-bitcoin-etf-fees/?utm_medium=referral&utm_source=rss&utm_campaign=headlines,2024-01-10,"BlackRock, ARK 21Shares Follow Rivals in Cutting Bitcoin ETF FeesThe SEC is expected to approve multiple ETFs at the same time, meaning the different providers will tussle for market share using fee structure as one of the main weapons.",0
29,29,Turkey Will Conclude Technical Studies for Crypto Legislation Soon: Finance Minister,"Under draft proposals, crypto firms will be required to obtain licenses from the country’s capital markets regulator.",https://www.coindesk.com/policy/2024/01/10/turkey-will-conclude-technical-studies-for-crypto-legislation-soon-finance-minister/?utm_medium=referral&utm_source=rss&utm_campaign=headlines,2024-01-10,"Turkey Will Conclude Technical Studies for Crypto Legislation Soon: Finance MinisterUnder draft proposals, crypto firms will be required to obtain licenses from the country’s capital markets regulator.",2
30,30,"Brevan Howard, Hamilton Lane Back New Tokenization Platform Libre","Freshly out of stealth, Libre is also working with Nomura’s Laser Digital unit and has been built using Polygon’s chain development kit by tokenization pioneer Avtar Sehra.",https://www.coindesk.com/business/2024/01/10/brevan-howard-hamilton-lane-back-new-tokenization-platform-libre/?utm_medium=referral&utm_source=rss&utm_campaign=headlines,2024-01-10,"Brevan Howard, Hamilton Lane Back New Tokenization Platform LibreFreshly out of stealth, Libre is also working with Nomura’s Laser Digital unit and has been built using Polygon’s chain development kit by tokenization pioneer Avtar Sehra.",2
31,31,Ether Jumps Over $2.4K as Traders Bet on Possible Ether ETF Next,"BlackRock had previously filed an S-1 form with the U.S. Securities and Exchange Commission (SEC) for its iShares Ethereum Trust, a spot ether exchange-traded fund (ETF).",https://www.coindesk.com/markets/2024/01/10/ether-jumps-over-24k-as-traders-bet-on-possible-ether-etf-next/?utm_medium=referral&utm_source=rss&utm_campaign=headlines,2024-01-10,"Ether Jumps Over $2.4K as Traders Bet on Possible Ether ETF NextBlackRock had previously filed an S-1 form with the U.S. Securities and Exchange Commission (SEC) for its iShares Ethereum Trust, a spot ether exchange-traded fund (ETF).",1
32,32,BTC Supply in Profit Nears 90% as Price Rallies on Expected Bitcoin ETF Approval,Just under half of the bitcoin supply was in profit at the start of last year.,https://www.coindesk.com/markets/2024/01/10/btc-supply-in-profit-nears-90-as-price-rallies-on-expected-bitcoin-etf-approval/?utm_medium=referral&utm_source=rss&utm_campaign=headlines,2024-01-10,BTC Supply in Profit Nears 90% as Price Rallies on Expected Bitcoin ETF ApprovalJust under half of the bitcoin supply was in profit at the start of last year.,1
33,33,Bitcoin Traders Seek Protection From Price Declines as ETF Deadline Looms: Deribit,"Puts are overbought and calls [are] being sold, Deribit's CCO Luuk Strijers told CoinDesk, noting the decline in the bitcoin implied volatility index.",https://www.coindesk.com/markets/2024/01/10/bitcoin-traders-seek-protection-from-price-declines-as-etf-deadline-looms-deribit/?utm_medium=referral&utm_source=rss&utm_campaign=headlines,2024-01-10,"Bitcoin Traders Seek Protection From Price Declines as ETF Deadline Looms: DeribitPuts are overbought and calls [are] being sold, Deribit's CCO Luuk Strijers told CoinDesk, noting the decline in the bitcoin implied volatility index.",2
34,34,Fake Bitcoin ETF Approval Tweet Causes $90M in Liquidations,"Those tweets caused bitcoin prices to immediately spike to $47,680 from the $46,800 level. It then fell as low as $45,400 as the tweets were found to be fake.",https://www.coindesk.com/markets/2024/01/10/fake-bitcoin-etf-approval-tweet-causes-90m-in-liquidations/?utm_medium=referral&utm_source=rss&utm_campaign=headlines,2024-01-10,"Fake Bitcoin ETF Approval Tweet Causes $90M in LiquidationsThose tweets caused bitcoin prices to immediately spike to $47,680 from the $46,800 level. It then fell as low as $45,400 as the tweets were found to be fake.",1
35,35,"Binance, KuCoin, Other Exchanges, Served Notice by Indian Government Removed From Apple’s App Store","Apple has removed Binance, KuCoin and other offshore cryptocurrency exchanges from its India app store days after nine such entities were sent compliance show cause notices by the Indian government.",https://www.coindesk.com/policy/2024/01/10/binance-kucoin-other-exchanges-served-notice-by-indian-government-removed-from-apples-app-store/?utm_medium=referral&utm_source=rss&utm_campaign=headlines,2024-01-10,"Binance, KuCoin, Other Exchanges, Served Notice by Indian Government Removed From Apple’s App StoreApple has removed Binance, KuCoin and other offshore cryptocurrency exchanges from its India app store days after nine such entities were sent compliance show cause notices by the Indian government.",1
36,36,Crypto OTC Volumes on Wintermute Soared 400% in 2023,The market maker said the uptick in over-the-counter trading was due to volumes moving off-exchange.,https://www.coindesk.com/markets/2024/01/10/crypto-otc-volumes-on-wintermute-soared-400-in-2023/?utm_medium=referral&utm_source=rss&utm_campaign=headlines,2024-01-10,Crypto OTC Volumes on Wintermute Soared 400% in 2023The market maker said the uptick in over-the-counter trading was due to volumes moving off-exchange.,1
37,37,PayPal's Stablecoin Part of Third Largest Liquidity Pool on Curve,"Curve's FRAXPYUSD liquidity pool, which went live on Dec. 27, boasts the third largest TVL of $135 million.",https://www.coindesk.com/markets/2024/01/10/paypals-stablecoin-part-of-third-largest-liquidity-pool-on-curve/?utm_medium=referral&utm_source=rss&utm_campaign=headlines,2024-01-10,"PayPal's Stablecoin Part of Third Largest Liquidity Pool on CurveCurve's FRAXPYUSD liquidity pool, which went live on Dec. 27, boasts the third largest TVL of $135 million.",0
38,38,"Hacker Seized SEC Phone Number to Post Fake Bitcoin ETF Approval, X Says","The Securities and Exchange Commission (SEC) did not employ basic security measures on its X (formerly Twitter) account when it was ""compromised"" to spread false bitcoin ETF news, according to the social media company.",https://www.coindesk.com/policy/2024/01/10/hacker-seized-sec-phone-number-to-post-fake-bitcoin-etf-approval-x-says/?utm_medium=referral&utm_source=rss&utm_campaign=headlines,2024-01-10,"Hacker Seized SEC Phone Number to Post Fake Bitcoin ETF Approval, X SaysThe Securities and Exchange Commission (SEC) did not employ basic security measures on its X (formerly Twitter) account when it was ""compromised"" to spread false bitcoin ETF news, according to the social media company.",1
39,39,Crypto Boosters Attack SEC for 'Manipulating' BTC Market After ETF Tweet,"Lawmakers and crypto boosters are asking questions about how the SEC's X (formerly Twitter) account was compromised, leading to a bogus tweet on Tuesday.",https://www.coindesk.com/policy/2024/01/10/crypto-boosters-attack-sec-for-manipulating-btc-market-after-etf-tweet/?utm_medium=referral&utm_source=rss&utm_campaign=headlines,2024-01-10,"Crypto Boosters Attack SEC for 'Manipulating' BTC Market After ETF TweetLawmakers and crypto boosters are asking questions about how the SEC's X (formerly Twitter) account was compromised, leading to a bogus tweet on Tuesday.",1
40,40,Crypto Custodian BitGo Wins In-Principle Approval as Major Payments Institution in Singapore,Crypto custodian BitGo has been granted in-principle approval to operate as a Major Payment Institution (MPI) in Singapore.,https://www.coindesk.com/policy/2024/01/10/crypto-custodian-bitgo-wins-in-principle-approval-as-major-payments-institution-in-singapore/?utm_medium=referral&utm_source=rss&utm_campaign=headlines,2024-01-10,Crypto Custodian BitGo Wins In-Principle Approval as Major Payments Institution in SingaporeCrypto custodian BitGo has been granted in-principle approval to operate as a Major Payment Institution (MPI) in Singapore.,0
41,41,"Bitcoin Jumps, Then Dumps to $45K as Fake News About Spot Bitcoin Approval Liquidates $50M","The immediate price reaction showed that bitcoin's price might be capped if a real approval arrives, one analyst noted.",https://www.coindesk.com/markets/2024/01/09/bitcoin-jumps-then-dumps-to-45k-as-fake-news-about-spot-bitcoin-approval-liquidates-50m/?utm_medium=referral&utm_source=rss&utm_campaign=headlines,2024-01-09,"Bitcoin Jumps, Then Dumps to $45K as Fake News About Spot Bitcoin Approval Liquidates $50MThe immediate price reaction showed that bitcoin's price might be capped if a real approval arrives, one analyst noted.",0
42,42,Spot Bitcoin ETF Approval Will Trigger 'Selling Pressure' on CME Futures Market: K33,"Bitcoin futures' open interest on the Chicago Mercantile Exchange surged to an all-time high Tuesday as institutions piled into the asset, speculating on a spot bitcoin ETF approval.",https://www.coindesk.com/markets/2024/01/09/spot-bitcoin-etf-approval-will-trigger-selling-pressure-on-cme-futures-market-k33/?utm_medium=referral&utm_source=rss&utm_campaign=headlines,2024-01-09,"Spot Bitcoin ETF Approval Will Trigger 'Selling Pressure' on CME Futures Market: K33Bitcoin futures' open interest on the Chicago Mercantile Exchange surged to an all-time high Tuesday as institutions piled into the asset, speculating on a spot bitcoin ETF approval.",0
43,43,"SEC Has Not Approved Bitcoin ETFs, but Its Hacked X Account Briefly Said Otherwise","The U.S. Securities and Exchange Commission (SEC) has not approved any spot bitcoin ETF applications as of Tuesday afternoon, despite a tweet from the regulator's X (formerly Twitter) account saying they had been, the agency's chair said.",https://www.coindesk.com/policy/2024/01/09/sec-twitter-compromised-chair-gensler-says-after-account-said-bitcoin-etfs-approved/?utm_medium=referral&utm_source=rss&utm_campaign=headlines,2024-01-09,"SEC Has Not Approved Bitcoin ETFs, but Its Hacked X Account Briefly Said OtherwiseThe U.S. Securities and Exchange Commission (SEC) has not approved any spot bitcoin ETF applications as of Tuesday afternoon, despite a tweet from the regulator's X (formerly Twitter) account saying they had been, the agency's chair said.",1
44,44,"No, a Trump Victory Might Be Bad for Crypto",A response to Politico’s article predicting good times if the ex-POTUS wins re-election.,https://www.coindesk.com/consensus-magazine/2024/01/09/no-a-trump-victory-might-be-bad-for-crypto/?utm_medium=referral&utm_source=rss&utm_campaign=headlines,2024-01-09,"No, a Trump Victory Might Be Bad for CryptoA response to Politico’s article predicting good times if the ex-POTUS wins re-election.",0
45,45,Bitcoin Developer's Proposal to Stop 'Spam' NFTs Gets Shut Down,"Luke Dashjr's technical proposal sounded innocuous enough: to make the popular Bitcoin Core software ""effective with newer datacarrying styles."" In reality, the effort represented a sophisticated but controversial plan to block the suddenly popular ""inscriptions"" known as ""NFTs on Bitcoin.""",https://www.coindesk.com/tech/2024/01/09/bitcoin-developers-proposal-to-stop-spam-nfts-gets-shut-down/?utm_medium=referral&utm_source=rss&utm_campaign=headlines,2024-01-09,"Bitcoin Developer's Proposal to Stop 'Spam' NFTs Gets Shut DownLuke Dashjr's technical proposal sounded innocuous enough: to make the popular Bitcoin Core software ""effective with newer datacarrying styles."" In reality, the effort represented a sophisticated but controversial plan to block the suddenly popular ""inscriptions"" known as ""NFTs on Bitcoin.""",0
46,46,Dogecoin's 9% Swing Amid Fake Rumor of Mascot's Death Riles Up Crypto Enthusiasts,"The volatile episode came at a time when the crypto industry anxiously awaits a spot bitcoin ETF approval, a landmark for the asset class' maturation.",https://www.coindesk.com/markets/2024/01/09/dogecoins-9-swing-amid-fake-rumor-of-mascots-death-riles-up-crypto-enthusiasts/?utm_medium=referral&utm_source=rss&utm_campaign=headlines,2024-01-09,"Dogecoin's 9% Swing Amid Fake Rumor of Mascot's Death Riles Up Crypto EnthusiastsThe volatile episode came at a time when the crypto industry anxiously awaits a spot bitcoin ETF approval, a landmark for the asset class' maturation.",2
47,47,Bitcoin ETFs Could See Up to $100B in Inflows If SEC Approves: Standard Chartered,"Analysts from Standard Chartered, Galaxy and Corestone predict that a spot bitcoin ETF could see over $1 billion in inflows over just the first quarter.",https://www.coindesk.com/markets/2024/01/09/bitcoin-etfs-could-see-up-to-100b-in-inflows-if-sec-approves-standard-chartered/?utm_medium=referral&utm_source=rss&utm_campaign=headlines,2024-01-09,"Bitcoin ETFs Could See Up to $100B in Inflows If SEC Approves: Standard CharteredAnalysts from Standard Chartered, Galaxy and Corestone predict that a spot bitcoin ETF could see over $1 billion in inflows over just the first quarter.",0
48,48,"Amid Bitcoin ETF Fee War, Grayscale Stands Its Ground With Priciest Product","Valkyrie, Invesco and Bitwise lowered their fees further just hours after all rivals finally revealed their fee plans.",https://www.coindesk.com/business/2024/01/09/amid-bitcoin-etf-fee-war-grayscale-stands-its-ground-with-priciest-product/?utm_medium=referral&utm_source=rss&utm_campaign=headlines,2024-01-09,"Amid Bitcoin ETF Fee War, Grayscale Stands Its Ground With Priciest ProductValkyrie, Invesco and Bitwise lowered their fees further just hours after all rivals finally revealed their fee plans.",2
49,49,New York's Crypto BitLicense Oversight Criticized by State's Comptroller,"The New York Department of Financial Services (DFS) is drawing some internal heat over whether it's doing a good job overseeing crypto activity through its BitLicense program, according to a review from New York State Comptroller Thomas DiNapoli.",https://www.coindesk.com/policy/2024/01/09/new-yorks-crypto-bitlicense-oversight-criticized-by-states-comptroller/?utm_medium=referral&utm_source=rss&utm_campaign=headlines,2024-01-09,"New York's Crypto BitLicense Oversight Criticized by State's ComptrollerThe New York Department of Financial Services (DFS) is drawing some internal heat over whether it's doing a good job overseeing crypto activity through its BitLicense program, according to a review from New York State Comptroller Thomas DiNapoli.",0
50,50,Bitcoin ETF Fever Drives Ethereum to 32-Month Low Versus BTC,Ether has lost 43% of its value against bitcoin since Sept. 7.,https://www.coindesk.com/markets/2024/01/09/bitcoin-etf-fever-drives-ethereum-to-32-month-low-versus-btc/?utm_medium=referral&utm_source=rss&utm_campaign=headlines,2024-01-09,Bitcoin ETF Fever Drives Ethereum to 32-Month Low Versus BTCEther has lost 43% of its value against bitcoin since Sept. 7.,2
51,51,"Fox, Polygon Release Blockchain-Powered Tool 'Verify' to Weed Out Deepfakes","""Verify"" is an open-source protocol built on Polygon's PoS blockchain, specifically used to establish the origin and history of registered media.",https://www.coindesk.com/tech/2024/01/09/fox-polygon-release-blockchain-powered-tool-verify-to-weed-out-deepfakes/?utm_medium=referral&utm_source=rss&utm_campaign=headlines,2024-01-09,"Fox, Polygon Release Blockchain-Powered Tool 'Verify' to Weed Out Deepfakes""Verify"" is an open-source protocol built on Polygon's PoS blockchain, specifically used to establish the origin and history of registered media.",2
52,52,El Salvador's BTC Bet Is $13M in Profit as Bitcoin ETF Approval Approaches,El Salvador is sitting on a $12.6 million unrealized profit on its bitcoin investment after being in the red for two years.,https://www.coindesk.com/business/2024/01/09/el-salvadors-btc-bet-is-13m-in-profit-as-bitcoin-etf-approval-approaches/?utm_medium=referral&utm_source=rss&utm_campaign=headlines,2024-01-09,El Salvador's BTC Bet Is $13M in Profit as Bitcoin ETF Approval ApproachesEl Salvador is sitting on a $12.6 million unrealized profit on its bitcoin investment after being in the red for two years.,1
53,53,First Mover Americas: Bitcoin Holds Above $46K Amid ETF Anticipation,"The latest price moves in bitcoin [BTC] and crypto markets in context for Jan. 9, 2024. First Mover is CoinDesk’s daily newsletter that contextualizes the latest actions in the crypto markets.",https://www.coindesk.com/markets/2024/01/09/first-mover-americas-bitcoin-holds-above-46k-amid-etf-anticipation/?utm_medium=referral&utm_source=rss&utm_campaign=headlines,2024-01-09,"First Mover Americas: Bitcoin Holds Above $46K Amid ETF AnticipationThe latest price moves in bitcoin [BTC] and crypto markets in context for Jan. 9, 2024. First Mover is CoinDesk’s daily newsletter that contextualizes the latest actions in the crypto markets.",0
54,54,"U.S. Arrests 'Bitcoin Rodney,' Alleged HyperVerse Crypto Scheme Promoter, on IRS Charges of Fraud",Rodney Burton was arrested on Friday in Florida and will be transferred to Maryland.,https://www.coindesk.com/policy/2024/01/09/us-arrests-bitcoin-rodney-alleged-hyperverse-crypto-scheme-promoter-on-irs-charges-of-fraud/?utm_medium=referral&utm_source=rss&utm_campaign=headlines,2024-01-09,"U.S. Arrests 'Bitcoin Rodney,' Alleged HyperVerse Crypto Scheme Promoter, on IRS Charges of FraudRodney Burton was arrested on Friday in Florida and will be transferred to Maryland.",2
55,55,"BlackRock, VanEck and Others Update Bitcoin ETF Filing Within Hours of Quick SEC Response","BlackRock and VanEck, two among 13 issuers hoping to launch bitcoin exchange-traded funds (ETFs) in the U.S., have filed updated documents on Tuesday.",https://www.coindesk.com/policy/2024/01/09/blackrock-vaneck-update-bitcoin-etf-filing-within-hours-of-quick-sec-response/?utm_medium=referral&utm_source=rss&utm_campaign=headlines,2024-01-09,"BlackRock, VanEck and Others Update Bitcoin ETF Filing Within Hours of Quick SEC ResponseBlackRock and VanEck, two among 13 issuers hoping to launch bitcoin exchange-traded funds (ETFs) in the U.S., have filed updated documents on Tuesday.",2
56,56,'Grayscale Discount' Sinks to Lowest in 18 Months on Bets for GBTC Conversion to Bitcoin ETF,"Data shows the discount fell to as low as 5.6% on Monday, reaching a level previously seen in June 2021.",https://www.coindesk.com/markets/2024/01/09/gbtc-discount-sinks-to-lowest-level-in-18-months-as-grayscale-falls-behind-in-etf-fee-race/?utm_medium=referral&utm_source=rss&utm_campaign=headlines,2024-01-09,"'Grayscale Discount' Sinks to Lowest in 18 Months on Bets for GBTC Conversion to Bitcoin ETFData shows the discount fell to as low as 5.6% on Monday, reaching a level previously seen in June 2021.",1
57,57,"DeFi Identity Should Be Focus of U.S. Policymakers, CFTC Says","The Commodity Futures Trading Commission wants U.S. policymakers to evaluate options for regulating the issue of identity information in decentralized finance, a report published Monday said.",https://www.coindesk.com/policy/2024/01/09/defi-identity-should-be-focus-of-us-policymakers-cftc-says/?utm_medium=referral&utm_source=rss&utm_campaign=headlines,2024-01-09,"DeFi Identity Should Be Focus of U.S. Policymakers, CFTC SaysThe Commodity Futures Trading Commission wants U.S. policymakers to evaluate options for regulating the issue of identity information in decentralized finance, a report published Monday said.",0
58,58,Jim Cramer Now Says Bitcoin Is 'Topping Out',Cramer’s picks have the tendency to move in the opposite direction he touts.,https://www.coindesk.com/markets/2024/01/09/jim-cramer-now-says-bitcoin-is-topping-out/?utm_medium=referral&utm_source=rss&utm_campaign=headlines,2024-01-09,Jim Cramer Now Says Bitcoin Is 'Topping Out'Cramer’s picks have the tendency to move in the opposite direction he touts.,2
59,59,"Bitcoin ETF Approval Expected Soon, Bears Lose $100M",Futures tracking crypto markets saw some $155 million in shorts liquidated in the past 24 hours after a sudden uptick in prices in U.S. hours.,https://www.coindesk.com/markets/2024/01/09/bitcoin-etf-approval-expected-soon-bears-lose-100m/?utm_medium=referral&utm_source=rss&utm_campaign=headlines,2024-01-09,"Bitcoin ETF Approval Expected Soon, Bears Lose $100MFutures tracking crypto markets saw some $155 million in shorts liquidated in the past 24 hours after a sudden uptick in prices in U.S. hours.",1
60,60,Bitcoin Decouples From Nasdaq Amid ETF Speculation,The 40-day correlation between the two has declined to zero.,https://www.coindesk.com/markets/2024/01/09/bitcoin-decouples-from-nasdaq-amid-etf-speculation/?utm_medium=referral&utm_source=rss&utm_campaign=headlines,2024-01-09,Bitcoin Decouples From Nasdaq Amid ETF SpeculationThe 40-day correlation between the two has declined to zero.,2
61,61,SEC Hustles to Answer Latest Bitcoin ETF Filings: Source,"Officials with the U.S. Securities and Exchange Commission sent comments to the issuers of a set of bitcoin exchange-traded fund (ETF) filings just hours after the companies filed their amended S-1 documents, which listed fees for their proposed products.",https://www.coindesk.com/policy/2024/01/09/sec-hustles-to-answer-latest-bitcoin-etf-filings-source/?utm_medium=referral&utm_source=rss&utm_campaign=headlines,2024-01-09,"SEC Hustles to Answer Latest Bitcoin ETF Filings: SourceOfficials with the U.S. Securities and Exchange Commission sent comments to the issuers of a set of bitcoin exchange-traded fund (ETF) filings just hours after the companies filed their amended S-1 documents, which listed fees for their proposed products.",2
62,62,BTC Blasts Past $47K as Bitcoin ETF Excitement Gets Feverish,"Bitcoin could rally 10%-15% more in case the SEC approves spot bitcoin ETFs, LMAX strategist Joel Kruger noted.",https://www.coindesk.com/markets/2024/01/08/btc-blasts-past-47k-as-bitcoin-etf-excitement-gets-feverish/?utm_medium=referral&utm_source=rss&utm_campaign=headlines,2024-01-08,"BTC Blasts Past $47K as Bitcoin ETF Excitement Gets FeverishBitcoin could rally 10%-15% more in case the SEC approves spot bitcoin ETFs, LMAX strategist Joel Kruger noted.",0
63,63,Bitcoin ETFs: The Bear Case,"Bitcoin exchange traded funds may not actually be approved, due to the SEC’s long-held concerns about market manipulation. And, if they are, they could change the nature of Bitcoin itself, to the detriment of Satoshi Nakamoto’s original vision, say critics.",https://www.coindesk.com/consensus-magazine/2024/01/08/bitcoin-etfs-the-bear-case/?utm_medium=referral&utm_source=rss&utm_campaign=headlines,2024-01-08,"Bitcoin ETFs: The Bear CaseBitcoin exchange traded funds may not actually be approved, due to the SEC’s long-held concerns about market manipulation. And, if they are, they could change the nature of Bitcoin itself, to the detriment of Satoshi Nakamoto’s original vision, say critics.",0
64,64,Mysterious $1.2M Bitcoin Transaction to Satoshi Nakamoto Sparks Speculations,"The wallet receiving the hefty payout is the address that mined the Bitcoin network's first-ever block reward some 15 years ago, commencing the start of the blockchain.",https://www.coindesk.com/markets/2024/01/08/mysterious-12m-bitcoin-transaction-to-satoshi-nakamoto-sparks-speculations/?utm_medium=referral&utm_source=rss&utm_campaign=headlines,2024-01-08,"Mysterious $1.2M Bitcoin Transaction to Satoshi Nakamoto Sparks SpeculationsThe wallet receiving the hefty payout is the address that mined the Bitcoin network's first-ever block reward some 15 years ago, commencing the start of the blockchain.",2
65,65,Bitcoin ETFs: The Bull Case,"One train of thought says that SEC approval of spot bitcoin ETF will send the market flying. Here’s how that could play out. In a separate post, we review the bear case, where the market may not react with such optimism.",https://www.coindesk.com/consensus-magazine/2024/01/08/bitcoin-etfs-the-bull-case/?utm_medium=referral&utm_source=rss&utm_campaign=headlines,2024-01-08,"Bitcoin ETFs: The Bull CaseOne train of thought says that SEC approval of spot bitcoin ETF will send the market flying. Here’s how that could play out. In a separate post, we review the bear case, where the market may not react with such optimism.",1
66,66,"Bitwise Tops Bitcoin ETF Low-Fee Table, While Grayscale Bets on Size","Just one potential spot bitcoin ETF issuer has set a management fee above 1%, and many of the others are asking for less than 0.5%.",https://www.coindesk.com/business/2024/01/08/bitwise-tops-bitcoin-etf-low-fee-table-while-grayscale-bets-on-size/?utm_medium=referral&utm_source=rss&utm_campaign=headlines,2024-01-08,"Bitwise Tops Bitcoin ETF Low-Fee Table, While Grayscale Bets on SizeJust one potential spot bitcoin ETF issuer has set a management fee above 1%, and many of the others are asking for less than 0.5%.",0
67,67,"With Bitcoin ETF Decision Looming, SEC Chair Gensler Says (Again) That Crypto Is Dangerous",The entire crypto world and much of the U.S. financial sector is anxiously awaiting word from the U.S. Securities and Exchange Commission (SEC) on whether it will approve a spot bitcoin exchange-traded fund (ETF). SEC Chair Gary Gensler has chosen this moment to issue a broad warning about the hazards to investors of getting into digital assets.,https://www.coindesk.com/policy/2024/01/08/as-crypto-world-watches-sec-chair-gensler-says-again-that-sector-is-dangerous/?utm_medium=referral&utm_source=rss&utm_campaign=headlines,2024-01-08,"With Bitcoin ETF Decision Looming, SEC Chair Gensler Says (Again) That Crypto Is DangerousThe entire crypto world and much of the U.S. financial sector is anxiously awaiting word from the U.S. Securities and Exchange Commission (SEC) on whether it will approve a spot bitcoin exchange-traded fund (ETF). SEC Chair Gary Gensler has chosen this moment to issue a broad warning about the hazards to investors of getting into digital assets.",0
68,68,Crypto Exchange Upbit Gets Full Licensing in Singapore,"Upbit said it is ""poised to expand [its] range of offerings,"" having acquired a MPI license.",https://www.coindesk.com/policy/2024/01/08/crypto-exchange-upbit-gets-full-licensing-in-singapore/?utm_medium=referral&utm_source=rss&utm_campaign=headlines,2024-01-08,"Crypto Exchange Upbit Gets Full Licensing in SingaporeUpbit said it is ""poised to expand [its] range of offerings,"" having acquired a MPI license.",2
69,69,"In Bitcoin ETF Battle, Grayscale Is Bringing 'a Gun to a Knife Fight'","The Grayscale Bitcoin Trust's (GBTC) $27 billion of bitcoin and $350 million of daily volume gives Grayscale an advantage versus BlackRock and other wannabe rivals, according to Bloomberg's Eric Balchunas.",https://www.coindesk.com/business/2024/01/08/in-bitcoin-etf-battle-grayscale-is-bringing-a-gun-to-a-knife-fight/?utm_medium=referral&utm_source=rss&utm_campaign=headlines,2024-01-08,"In Bitcoin ETF Battle, Grayscale Is Bringing 'a Gun to a Knife Fight'The Grayscale Bitcoin Trust's (GBTC) $27 billion of bitcoin and $350 million of daily volume gives Grayscale an advantage versus BlackRock and other wannabe rivals, according to Bloomberg's Eric Balchunas.",1
70,70,BitGo receives in-principle approval in Singapore,Singapore&#8217;s financial regulator has granted crypto custody firm BitGo an in-principle approval. The licence allows BitGo to operate as a Major Payments Instutition (MPI) provider in the country. Digital asset custody provider BitGo has received a regulatory nod from the Monetary Authority of Singapore (MAS). The crypto company said in an announcement on Wednesday that [&#8230;],https://coinjournal.net/news/bitgo-receives-in-principle-approval-in-singapore/,2024-01-10,BitGo receives in-principle approval in SingaporeSingapore&#8217;s financial regulator has granted crypto custody firm BitGo an in-principle approval. The licence allows BitGo to operate as a Major Payments Instutition (MPI) provider in the country. Digital asset custody provider BitGo has received a regulatory nod from the Monetary Authority of Singapore (MAS). The crypto company said in an announcement on Wednesday that [&#8230;],1
71,71,Bitget Reaffirms Industry-Leading Reserve Strength with Latest PoR Ratio of 175%,"Victoria, Seychelles, January 10th, 2024, Chainwire Bitget, the world&#8217;s leading cryptocurrency exchange and Web3 company, has launched its most recent monthly Proof of Reserves (PoR) report, demonstrating its industry-leading commitment to transparency with a robust total reserve ratio of 175%. This regularly-released PoR disclosure underscores Bitget&#8217;s unwavering pledge to maintain 100% backing for user funds [&#8230;]",https://coinjournal.net/news/bitget-reaffirms-industry-leading-reserve-strength-with-latest-por-ratio-of-175/,2024-01-10,"Bitget Reaffirms Industry-Leading Reserve Strength with Latest PoR Ratio of 175%Victoria, Seychelles, January 10th, 2024, Chainwire Bitget, the world&#8217;s leading cryptocurrency exchange and Web3 company, has launched its most recent monthly Proof of Reserves (PoR) report, demonstrating its industry-leading commitment to transparency with a robust total reserve ratio of 175%. This regularly-released PoR disclosure underscores Bitget&#8217;s unwavering pledge to maintain 100% backing for user funds [&#8230;]",0
72,72,BlockGuard and Pixelette Technologies forge a strategic DeFi partnership,"BlockGuard and Pixelette form a strategic DeFi partnership. Asif Ashiq Rana, Pixelette&#8217;s CEO, joins BlockGuard as an advisor, bringing expertise in blockchain and AI. The collaboration focuses on BlockGuard&#8217;s vision for transparent, efficient, and accessible Web3 risk management. Web3 platform BlockGuard has inked an equity partnership with Pixelette Technologies, a leading London-based blockchain and IT [&#8230;]",https://coinjournal.net/news/blockguard-and-pixelette-technologies-forge-a-strategic-defi-partnership/,2024-01-10,"BlockGuard and Pixelette Technologies forge a strategic DeFi partnershipBlockGuard and Pixelette form a strategic DeFi partnership. Asif Ashiq Rana, Pixelette&#8217;s CEO, joins BlockGuard as an advisor, bringing expertise in blockchain and AI. The collaboration focuses on BlockGuard&#8217;s vision for transparent, efficient, and accessible Web3 risk management. Web3 platform BlockGuard has inked an equity partnership with Pixelette Technologies, a leading London-based blockchain and IT [&#8230;]",0
73,73,Celsius initiates recovery of large pre-bankruptcy withdrawals,"Celsius Creditors withdrawing $100k+ pre-bankruptcy face legal action and must comply for future distributions. Celsius&#8217; post-bankruptcy Bitcoin mining focus approved; Ethereum unstaked for timely creditor repayments. Legal challenges persist; CEO Alex Mashinsky faces fraud charges; $4.7B FTC settlement hinges on successful bankruptcy completion. In a strategic move amidst its post-bankruptcy revival, Celsius, the crypto lending [&#8230;]",https://coinjournal.net/news/celsius-initiates-recovery-of-large-pre-bankruptcy-withdrawals/,2024-01-10,"Celsius initiates recovery of large pre-bankruptcy withdrawalsCelsius Creditors withdrawing $100k+ pre-bankruptcy face legal action and must comply for future distributions. Celsius&#8217; post-bankruptcy Bitcoin mining focus approved; Ethereum unstaked for timely creditor repayments. Legal challenges persist; CEO Alex Mashinsky faces fraud charges; $4.7B FTC settlement hinges on successful bankruptcy completion. In a strategic move amidst its post-bankruptcy revival, Celsius, the crypto lending [&#8230;]",0
74,74,Metacade fuels 2024 blockchain gaming revolution: partnerships and investment insights,"Metacade shapes 2024 gaming with strategic partnerships and diverse blockchain game offerings. Yat Siu, Animoca Brands&#8217; executive chairman, anticipates a blockchain gaming resurgence in 2024. Evaluation of $MCADE token reveals a clear roadmap, buyback mechanism, and active community. The gaming industry is set for a dynamic transformation in 2024, with blockchain games taking centre stage. [&#8230;]",https://coinjournal.net/news/metacade-fuels-2024-blockchain-gaming-revolution-partnerships-and-investment-insights/,2024-01-10,"Metacade fuels 2024 blockchain gaming revolution: partnerships and investment insightsMetacade shapes 2024 gaming with strategic partnerships and diverse blockchain game offerings. Yat Siu, Animoca Brands&#8217; executive chairman, anticipates a blockchain gaming resurgence in 2024. Evaluation of $MCADE token reveals a clear roadmap, buyback mechanism, and active community. The gaming industry is set for a dynamic transformation in 2024, with blockchain games taking centre stage. [&#8230;]",1
75,75,"Binance, Kraken apps removed from App Store in India; implications for Pullix?","Apple has removed Binance, Kraken, MEXC and Kucoin apps from its App Store in India. Meanwhile, new exchange platform Pullix (PLX) continues to see great traction during its presale. Trading on a hybrid exchange means users have access not just to liquidity, but also to all the robust security features that make top CEX platforms [&#8230;]",https://coinjournal.net/news/binance-kraken-apps-removed-from-app-store-in-india-implications-for-pullix/,2024-01-10,"Binance, Kraken apps removed from App Store in India; implications for Pullix?Apple has removed Binance, Kraken, MEXC and Kucoin apps from its App Store in India. Meanwhile, new exchange platform Pullix (PLX) continues to see great traction during its presale. Trading on a hybrid exchange means users have access not just to liquidity, but also to all the robust security features that make top CEX platforms [&#8230;]",0
76,76,"Analyst’s top DeFi coins to rally in January – Polygon, Ripple, and NuggetRush","NuggetRush&#8217;s mining game has attracted many users who have pushed the token from $0.010 to $0.015. Crypto Analyst Ali Charts foresees Polygon rising as high as $0.96. Ripple whales are currently on the move as they sent 126.7 million XRP. Analysts have picked Polygon, Ripple, and NuggetRush (NUGX) as their top DeFi coins for gains [&#8230;]",https://coinjournal.net/news/analysts-top-defi-coins-to-rally-in-january-polygon-ripple-and-nuggetrush/,2024-01-10,"Analyst’s top DeFi coins to rally in January – Polygon, Ripple, and NuggetRushNuggetRush&#8217;s mining game has attracted many users who have pushed the token from $0.010 to $0.015. Crypto Analyst Ali Charts foresees Polygon rising as high as $0.96. Ripple whales are currently on the move as they sent 126.7 million XRP. Analysts have picked Polygon, Ripple, and NuggetRush (NUGX) as their top DeFi coins for gains [&#8230;]",0
77,77,The potential rise: how these two tokens might eclipse XRP during the upcoming bull market,"XRP surged in price as Wall Street eyes XRP Spot ETF.&#160; A new meme coin raises $1 million in ongoing presale, becoming the best ICO. TRON (TRX) gained in price as it leads the list of top 10 blockchains.&#160; Ripple (XRP) is on its way to gaining more value as Wall Street makes important plans [&#8230;]",https://coinjournal.net/news/the-potential-rise-how-these-two-tokens-might-eclipse-xrp-during-the-upcoming-bull-market/,2024-01-09,"The potential rise: how these two tokens might eclipse XRP during the upcoming bull marketXRP surged in price as Wall Street eyes XRP Spot ETF.&#160; A new meme coin raises $1 million in ongoing presale, becoming the best ICO. TRON (TRX) gained in price as it leads the list of top 10 blockchains.&#160; Ripple (XRP) is on its way to gaining more value as Wall Street makes important plans [&#8230;]",0
78,78,"BitPay expands crypto offerings; now supports for UNI, BNB, LINK, and More","BitPay expands crypto support, adding UNI, BNB, LINK, CRO, VERSE, BAT to its roster. CEO Stephen Pair underscores commitment to user-friendly crypto payments. Users to enjoy versatile options, from luxury purchases to practical expenses. BitPay, initially established as a Bitcoin-focused payment startup, has broadened its horizon beyond Bitcoin (BTC) by adding support for &#8220;dozens&#8221; of [&#8230;]",https://coinjournal.net/news/bitpay-expands-crypto-offerings-now-supports-for-uni-bnb-link-and-more/,2024-01-09,"BitPay expands crypto offerings; now supports for UNI, BNB, LINK, and MoreBitPay expands crypto support, adding UNI, BNB, LINK, CRO, VERSE, BAT to its roster. CEO Stephen Pair underscores commitment to user-friendly crypto payments. Users to enjoy versatile options, from luxury purchases to practical expenses. BitPay, initially established as a Bitcoin-focused payment startup, has broadened its horizon beyond Bitcoin (BTC) by adding support for &#8220;dozens&#8221; of [&#8230;]",0
79,79,"Spot Bitcoin ETF Approval Has Not Yet Happened Yet, But Bitcoin Price Is Falling Sharply","Spot Bitcoin ETF approval anticipation with analysts predicts a positive decision today between 4-6 p.m. EST, despite earlier confusion.<p class=""has-text-align-right""><a href=""https://coincu.com/241767-spot-bitcoin-etf-approval-not-yet-happened/"" target=""_blank"">Read more...</a></p><p class=""has-text-align-right""><a href=""https://coincu.com""><strong>Coincu News</strong></a></p>
",https://coincu.com/241767-spot-bitcoin-etf-approval-not-yet-happened/,2024-01-10,"Spot Bitcoin ETF Approval Has Not Yet Happened Yet, But Bitcoin Price Is Falling SharplySpot Bitcoin ETF approval anticipation with analysts predicts a positive decision today between 4-6 p.m. EST, despite earlier confusion.<p class=""has-text-align-right""><a href=""https://coincu.com/241767-spot-bitcoin-etf-approval-not-yet-happened/"" target=""_blank"">Read more...</a></p><p class=""has-text-align-right""><a href=""https://coincu.com""><strong>Coincu News</strong></a></p>
",0
80,80,Spot Bitcoin ETF Trading Approved By CBOE Exchange,"CBOE has asked the SEC to fast-track approval for ARK 21Shares and Invesco Galaxy Bitcoin ETFs, signaling support for spot Bitcoin ETF trading.<p class=""has-text-align-right""><a href=""https://coincu.com/241762-spot-bitcoin-etf-trading-approved-by-cboe/"" target=""_blank"">Read more...</a></p><p class=""has-text-align-right""><a href=""https://coincu.com""><strong>Coincu News</strong></a></p>
",https://coincu.com/241762-spot-bitcoin-etf-trading-approved-by-cboe/,2024-01-10,"Spot Bitcoin ETF Trading Approved By CBOE ExchangeCBOE has asked the SEC to fast-track approval for ARK 21Shares and Invesco Galaxy Bitcoin ETFs, signaling support for spot Bitcoin ETF trading.<p class=""has-text-align-right""><a href=""https://coincu.com/241762-spot-bitcoin-etf-trading-approved-by-cboe/"" target=""_blank"">Read more...</a></p><p class=""has-text-align-right""><a href=""https://coincu.com""><strong>Coincu News</strong></a></p>
",0
81,81,SBF Hires New Attorney Ahead of Sentencing Hearing,"FTX founder Sam Bankman-Fried (SBF) has taken a strategic legal move, submitting notice to the U.S. Federal Court of his decision to hire a new legal team ahead of the sentencing hearing on seven criminal charges. <p class=""has-text-align-right""><a href=""https://coincu.com/241756-sbf-hires-new-attorney-of-sentencing-hearing/"" target=""_blank"">Read more...</a></p><p class=""has-text-align-right""><a href=""https://coincu.com""><strong>Coincu News</strong></a></p>
",https://coincu.com/241756-sbf-hires-new-attorney-of-sentencing-hearing/,2024-01-10,"SBF Hires New Attorney Ahead of Sentencing HearingFTX founder Sam Bankman-Fried (SBF) has taken a strategic legal move, submitting notice to the U.S. Federal Court of his decision to hire a new legal team ahead of the sentencing hearing on seven criminal charges. <p class=""has-text-align-right""><a href=""https://coincu.com/241756-sbf-hires-new-attorney-of-sentencing-hearing/"" target=""_blank"">Read more...</a></p><p class=""has-text-align-right""><a href=""https://coincu.com""><strong>Coincu News</strong></a></p>
",0
82,82,X Has Removed Support for NFT Profile Pictures,"X the renowned platform that once embraced the trend of NFT profile pictures, has decided to remove support for them. <p class=""has-text-align-right""><a href=""https://coincu.com/241750-x-has-removed-support-for-nft-profile-pictures/"" target=""_blank"">Read more...</a></p><p class=""has-text-align-right""><a href=""https://coincu.com""><strong>Coincu News</strong></a></p>
",https://coincu.com/241750-x-has-removed-support-for-nft-profile-pictures/,2024-01-10,"X Has Removed Support for NFT Profile PicturesX the renowned platform that once embraced the trend of NFT profile pictures, has decided to remove support for them. <p class=""has-text-align-right""><a href=""https://coincu.com/241750-x-has-removed-support-for-nft-profile-pictures/"" target=""_blank"">Read more...</a></p><p class=""has-text-align-right""><a href=""https://coincu.com""><strong>Coincu News</strong></a></p>
",0
83,83,EigenLayer Plans To Introduce Three New Liquid Staking Tokens on January 30,"The re-staking protocol EigenLayer is set to unveil three new liquid staking tokens (LST) on January 30. <p class=""has-text-align-right""><a href=""https://coincu.com/241745-eigenlayer-new-liquid-staking-tokens-january-30/"" target=""_blank"">Read more...</a></p><p class=""has-text-align-right""><a href=""https://coincu.com""><strong>Coincu News</strong></a></p>
",https://coincu.com/241745-eigenlayer-new-liquid-staking-tokens-january-30/,2024-01-10,"EigenLayer Plans To Introduce Three New Liquid Staking Tokens on January 30The re-staking protocol EigenLayer is set to unveil three new liquid staking tokens (LST) on January 30. <p class=""has-text-align-right""><a href=""https://coincu.com/241745-eigenlayer-new-liquid-staking-tokens-january-30/"" target=""_blank"">Read more...</a></p><p class=""has-text-align-right""><a href=""https://coincu.com""><strong>Coincu News</strong></a></p>
",0
84,84,Cosmos Will Launch Cosmos Hub Improvement Process “CHIP” in 2024,"Cosmos Hub recently unveiled a groundbreaking concept known as ""Partial Set Security."" <p class=""has-text-align-right""><a href=""https://coincu.com/241738-cosmos-hub-improvement-process-chip-in-2024/"" target=""_blank"">Read more...</a></p><p class=""has-text-align-right""><a href=""https://coincu.com""><strong>Coincu News</strong></a></p>
",https://coincu.com/241738-cosmos-hub-improvement-process-chip-in-2024/,2024-01-10,"Cosmos Will Launch Cosmos Hub Improvement Process “CHIP” in 2024Cosmos Hub recently unveiled a groundbreaking concept known as ""Partial Set Security."" <p class=""has-text-align-right""><a href=""https://coincu.com/241738-cosmos-hub-improvement-process-chip-in-2024/"" target=""_blank"">Read more...</a></p><p class=""has-text-align-right""><a href=""https://coincu.com""><strong>Coincu News</strong></a></p>
",0
85,85,Cex Data’s Remarkable 20% Jump in Spot Trading and Derivatives!,"The spot trading volume across major exchanges experienced a substantial surge, recording an impressive 27.4% month-on-month increase in December. <p class=""has-text-align-right""><a href=""https://coincu.com/241732-cex-datas-20-jump-spot-trading-and-derivatives/"" target=""_blank"">Read more...</a></p><p class=""has-text-align-right""><a href=""https://coincu.com""><strong>Coincu News</strong></a></p>
",https://coincu.com/241732-cex-datas-20-jump-spot-trading-and-derivatives/,2024-01-10,"Cex Data’s Remarkable 20% Jump in Spot Trading and Derivatives!The spot trading volume across major exchanges experienced a substantial surge, recording an impressive 27.4% month-on-month increase in December. <p class=""has-text-align-right""><a href=""https://coincu.com/241732-cex-datas-20-jump-spot-trading-and-derivatives/"" target=""_blank"">Read more...</a></p><p class=""has-text-align-right""><a href=""https://coincu.com""><strong>Coincu News</strong></a></p>
",0
86,86,Bloomberg’s Senior ETF Analyst Anticipates Spot Bitcoin ETF Approvals Today: All Systems Go!,"Bloomberg's Senior ETF Analyst, Eric Balchunas, has heralded the eagerly awaited ""ETF Approval Day"" for spot Bitcoin ETFs. <p class=""has-text-align-right""><a href=""https://coincu.com/241724-spot-bitcoin-etf-approvals-today-all-systems-go/"" target=""_blank"">Read more...</a></p><p class=""has-text-align-right""><a href=""https://coincu.com""><strong>Coincu News</strong></a></p>
",https://coincu.com/241724-spot-bitcoin-etf-approvals-today-all-systems-go/,2024-01-10,"Bloomberg’s Senior ETF Analyst Anticipates Spot Bitcoin ETF Approvals Today: All Systems Go!Bloomberg's Senior ETF Analyst, Eric Balchunas, has heralded the eagerly awaited ""ETF Approval Day"" for spot Bitcoin ETFs. <p class=""has-text-align-right""><a href=""https://coincu.com/241724-spot-bitcoin-etf-approvals-today-all-systems-go/"" target=""_blank"">Read more...</a></p><p class=""has-text-align-right""><a href=""https://coincu.com""><strong>Coincu News</strong></a></p>
",0
87,87,“Google Analytics for Web3” Cookie3 Integrates Chainwire for PR Distribution and Monitoring,"Tel Aviv, Israel, January 10th, 2024, Chainwire Cookie3, an attribution and user analytics platform for Web3 marketers, has announced a partnership with the industry’s leading crypto PR distribution platform, Chainwire. The partnership will enable Cookie3 clients to access Chainwire’s best-in-class PR capabilities and Chainwire’s clients to receive better user and attribution analytics for their campaigns.<p class=""has-text-align-right""><a href=""https://coincu.com/241722-google-analytics-for-web3-cookie3-integrates-chainwire-for-pr-distribution-and-monitoring/"" target=""_blank"">Read more...</a></p><p class=""has-text-align-right""><a href=""https://coincu.com""><strong>Coincu News</strong></a></p>
",https://coincu.com/241722-google-analytics-for-web3-cookie3-integrates-chainwire-for-pr-distribution-and-monitoring/,2024-01-10,"“Google Analytics for Web3” Cookie3 Integrates Chainwire for PR Distribution and MonitoringTel Aviv, Israel, January 10th, 2024, Chainwire Cookie3, an attribution and user analytics platform for Web3 marketers, has announced a partnership with the industry’s leading crypto PR distribution platform, Chainwire. The partnership will enable Cookie3 clients to access Chainwire’s best-in-class PR capabilities and Chainwire’s clients to receive better user and attribution analytics for their campaigns.<p class=""has-text-align-right""><a href=""https://coincu.com/241722-google-analytics-for-web3-cookie3-integrates-chainwire-for-pr-distribution-and-monitoring/"" target=""_blank"">Read more...</a></p><p class=""has-text-align-right""><a href=""https://coincu.com""><strong>Coincu News</strong></a></p>
",0
88,88,"Crypto Market Recap 2023, Pt. 1: Narratives and News","The year 2023 has been full of positive news and strong narratives for the crypto market<p class=""has-text-align-right""><a href=""https://coincu.com/241702-crypto-market-recap-2023-pt1-narratives-news/"" target=""_blank"">Read more...</a></p><p class=""has-text-align-right""><a href=""https://coincu.com""><strong>Coincu News</strong></a></p>
",https://coincu.com/241702-crypto-market-recap-2023-pt1-narratives-news/,2024-01-10,"Crypto Market Recap 2023, Pt. 1: Narratives and NewsThe year 2023 has been full of positive news and strong narratives for the crypto market<p class=""has-text-align-right""><a href=""https://coincu.com/241702-crypto-market-recap-2023-pt1-narratives-news/"" target=""_blank"">Read more...</a></p><p class=""has-text-align-right""><a href=""https://coincu.com""><strong>Coincu News</strong></a></p>
",0
